LBP28LA5;
RORTBYH0;
H72PVEN6;
P3DODF11;
RB8EK8PP;
856IPKOR;
YQ0FC5DJ;
A9XF3BD9;
KBLMXN74;
KE634UMX;
XG371D7B;
Z48JI2EV;
FLVJ6LBO;
DHO8T1WB;
O3J84YXH;
RNOENMG4;
KEGLMDOV;
O1ZFKCKE;
PXXOYITU;
SJURGJQS;
RWE5GIVD;
TFE14M3P;
44CPDD5A;
68Q4MNOU;
NP4W7OMR;
RIAEYYN6;
FU391VVR;
P7O8F1UX;
1VMXZJPL;
H0EMFS95;
8OSHXLVA;
TNLQKRZI;
YFQKIO4S;
Q4HJPX1T;
CCOGQ7PO;
LYI3NXRZ;
IIZ16NON;
C0YLTEA5;
AVDMQTXQ;
LN36N4DT;
3ALHHC1U;
HNMWWDG6;
6G8X80CE;
MHDMZOT3;
RYAWFWGA;
8VXDUTN3;
OMCY3RX3;
O2RXR807;
M07P1K3E;
G3PFULEC;
IWW7484H;
MJ1RJWAQ;
SYX5OXZ8;
UMMN5MNI;
YGKR4RLY;
J6HZUOJY;
Q9S7QD8M;
OB0VA1GD;
2EXPQC69;
RP9UK3W1;
UZDEQJEM;
SMI7PI6Z;
S96AF94W;
YF0J8WFV;
TP1Z022A;
0EKJP5IO;
34UQTGZO;
9KYR07BO;
A6A3HV1T;
3SHMC917;
9HLVZRDN;
GNB1NLLP;
LFI09M9J;
H81K3TCZ;
P4X3YRSI;
E518JQXZ;
CBKA68EW;
FH7GJMRF;
SKEUC1AW;
B30P2BN3;
UPHX7FHZ;
D5SFWVFL;
S4HJWB64;
O1RZH5W3;
4KJQ3BQC;
3GIH07LJ;
SCF4JDML;
Z5BAGU6B;
J4C3GYLH;
U8JCF0O3;
08JIM8V3;
V5PNBLRA;
NFN1MMJG;
4L9FLQ44;
OLV7YX4N;
3C9LRQ8J;
D5CBINR1;
ZCVLM9NF;
7MQ4GPQT;
MJ923PV3;
ZH05WH9U;
WR9TJYPF;
XTXYFBKO;
HXVS8M4G;
IWWX7FIZ;
HUDDDTBC;
4A8ZRERM;
9BSVZZBV;
ZYRQOW9K;
OHQ5BCF2;
R2ZP6256;
46ZA3ZZQ;
K33K21QM;
GS1PXS8Q;
9SZCA3HW;
02AWCZQR;
DUWD6LU4;
71YXUYIY;
EGZFVCCA;
Y55ZERAM;
YQD2GRY1;
LUETE25F;
CU6AWXNC;
SSN0159Q;
V9VDP5PG;
4HW6FEM3;
ZS0DL6RW;
BQ0HDIXE;
518S7LUC;
M27PTHGP;
EDO22OQ1;
FLRLQJ3G;
VCYDZB1I;
QR7E1I0W;
MQ9XDAFC;
U908HQQ4;
2G1CL7UJ;
HJ4RWUA0;
HK81RP6K;
ULJ4WDFP;
PF5AMFZU;
676TIUW6;
VIS7GLVV;
7WRPD8V0;
CWZYRSKE;
2KJKMUZ4;
L7DC68SW;
MDRLJFSC;
GRP8GCAY;
P5BQ0KBH;
ZF4MPSM0;
B5S40K00;
6JXD3MBL;
0P9O333L;
QJHTFAM1;
U6FFTVI6;
KHYLHEEK;
YAMIP7RY;
E0XD8NJA;
A1LYPVNQ;
TQO6SD5I;
OOCYKX5N;
6JVBET2X;
MWVPZ7IX;
WYDHHIN8;
IEKMZLHH;
1PLD51QD;
9FW39HGD;
L2KW3W6L;
0J0L9OXO;
VPM2XLWB;
Z99XOC3B;
EU0HB2HV;
K5G5ZRNX;
VO7HJUJ7;
SPG1MBGW;
IOWXJXHX;
JW8BLSXN;
5P3CVVFB;
MA1YYN2I;
4KXUORSV;
SSZG40P7;
ISCBU7HL;
3JVDU8O0;
LTRQTV96;
0MZIUCA9;
5SARVNLO;
Q8052H69;
YEM3KY03;
V1IRX83E;
TR7M7I5G;
3MYAYJ4M;
EV5YM60M;
5WTIW7LH;
RLMOCGB1;
0HKZPRSI;
VN7KU1EY;
7MQ4GPQT;
MJ923PV3;
ZH05WH9U;
WR9TJYPF;
XTXYFBKO;
HXVS8M4G;
IWWX7FIZ;
HUDDDTBC;
4A8ZRERM;
9BSVZZBV;
ZYRQOW9K;
OHQ5BCF2;
R2ZP6256;
46ZA3ZZQ;
K33K21QM;
GS1PXS8Q;
9SZCA3HW;
02AWCZQR;
DUWD6LU4;
71YXUYIY;
EGZFVCCA;
Y55ZERAM;
YQD2GRY1;
LUETE25F;
CU6AWXNC;
SSN0159Q;
V9VDP5PG;
4HW6FEM3;
ZS0DL6RW;
BQ0HDIXE;
518S7LUC;
M27PTHGP;
EDO22OQ1;
FLRLQJ3G;
VCYDZB1I;
QR7E1I0W;
MQ9XDAFC;
U908HQQ4;
2G1CL7UJ;
HJ4RWUA0;
HK81RP6K;
ULJ4WDFP;
PF5AMFZU;
676TIUW6;
VIS7GLVV;
7WRPD8V0;
CWZYRSKE;
2KJKMUZ4;
L7DC68SW;
MDRLJFSC;
GRP8GCAY;
P5BQ0KBH;
ZF4MPSM0;
B5S40K00;
6JXD3MBL;
0P9O333L;
QJHTFAM1;
U6FFTVI6;
KHYLHEEK;
YAMIP7RY;
E0XD8NJA;
A1LYPVNQ;
TQO6SD5I;
OOCYKX5N;
6JVBET2X;
MWVPZ7IX;
WYDHHIN8;
IEKMZLHH;
1PLD51QD;
9FW39HGD;
L2KW3W6L;
0J0L9OXO;
VPM2XLWB;
Z99XOC3B;
EU0HB2HV;
K5G5ZRNX;
VO7HJUJ7;
SPG1MBGW;
IOWXJXHX;
JW8BLSXN;
5P3CVVFB;
MA1YYN2I;
4KXUORSV;
SSZG40P7;
ISCBU7HL;
3JVDU8O0;
LTRQTV96;
0MZIUCA9;
5SARVNLO;
Q8052H69;
YEM3KY03;
V1IRX83E;
TR7M7I5G;
3MYAYJ4M;
EV5YM60M;
5WTIW7LH;
RLMOCGB1;
0HKZPRSI;
VN7KU1EY;
7MQ4GPQT;
J923PV3 ;
H05WH9U ;
R9TJYPF ;
TXYFBKO ;
XVS8M4G ;
WWX7FIZ ;
UDDDTBC ;
A8ZRERM ;
9BSVZZBV;
ZYRQOW9K;
OHQ5BCF2;
R2ZP6256;
46ZA3ZZQ;
K33K21QM;
GS1PXS8Q;
9SZCA3HW;
02AWCZQR;
DUWD6LU4;
71YXUYIY;
EGZFVCCA;
Y55ZERAM;
YQD2GRY1;
LUETE25F;
CU6AWXNC;
SSN0159Q;
V9VDP5PG;
4HW6FEM3;
ZS0DL6RW;
BQ0HDIXE;
518S7LUC;
M27PTHGP;
EDO22OQ1;
FLRLQJ3G;
VCYDZB1I;
QR7E1I0W;
MQ9XDAFC;
U908HQQ4;
2G1CL7UJ;
HJ4RWUA0;
HK81RP6K;
ULJ4WDFP;
PF5AMFZU;
676TIUW6;
VIS7GLVV;
7WRPD8V0;
CWZYRSKE;
2KJKMUZ4;
L7DC68SW;
MDRLJFSC;
GRP8GCAY;
P5BQ0KBH;
ZF4MPSM0;
B5S40K00;
6JXD3MBL;
0P9O333L;
QJHTFAM1;
U6FFTVI6;
KHYLHEEK;
YAMIP7RY;
E0XD8NJA;
A1LYPVNQ;
TQO6SD5I;
OOCYKX5N;
6JVBET2X;
MWVPZ7IX;
WYDHHIN8;
IEKMZLHH;
1PLD51QD;
9FW39HGD;
L2KW3W6L;
0J0L9OXO;
VPM2XLWB;
Z99XOC3B;
EU0HB2HV;
K5G5ZRNX;
VO7HJUJ7;
SPG1MBGW;
IOWXJXHX;
JW8BLSXN;
5P3CVVFB;
MA1YYN2I;
4KXUORSV;
SSZG40P7;
ISCBU7HL;
3JVDU8O0;
LTRQTV96;
0MZIUCA9;
5SARVNLO;
Q8052H69;
YEM3KY03;
V1IRX83E;
TR7M7I5G;
3MYAYJ4M;
EV5YM60M;
5WTIW7LH;
RLMOCGB1;
0HKZPRSI;
VN7KU1EY;
LBP28LA5;
RORTBYH0;
H72PVEN6;
P3DODF11;
RB8EK8PP;