CODIGO DE CLIENTE;CODIGO UNICO;PUNTOS;FECHA;OBSERVACIONES;MOTIVO
381882;VWF799;500;31/01/2017;Volumen Enero;VOLUMEN
33095;KLD953;500;31/01/2017;Volumen Enero;VOLUMEN
313451;HZU925;500;31/01/2017;Volumen Enero;VOLUMEN
370879;CJS541;500;31/01/2017;Volumen Enero;VOLUMEN
100526;KVY651;500;31/01/2017;Volumen Enero;VOLUMEN
136572;IQJ698;500;31/01/2017;Volumen Enero;VOLUMEN
137569;CIW298;500;31/01/2017;Volumen Enero;VOLUMEN
171445;DLJ962;500;31/01/2017;Volumen Enero;VOLUMEN
173080;OLD340;500;31/01/2017;Volumen Enero;VOLUMEN
174099;WYU400;500;31/01/2017;Volumen Enero;VOLUMEN
301740;HDL765;500;31/01/2017;Volumen Enero;VOLUMEN
305103;GFC837;500;31/01/2017;Volumen Enero;VOLUMEN
305747;COV990;500;31/01/2017;Volumen Enero;VOLUMEN
309665;QOR404;500;31/01/2017;Volumen Enero;VOLUMEN
312899;NEZ339;500;31/01/2017;Volumen Enero;VOLUMEN
319789;LKH582;500;31/01/2017;Volumen Enero;VOLUMEN
324428;WIL765;500;31/01/2017;Volumen Enero;VOLUMEN
330049;WDF407;500;31/01/2017;Volumen Enero;VOLUMEN
331052;LSS128;500;31/01/2017;Volumen Enero;VOLUMEN
337703;FGS385;500;31/01/2017;Volumen Enero;VOLUMEN
342745;CKW512;500;31/01/2017;Volumen Enero;VOLUMEN
345250;NJL756;500;31/01/2017;Volumen Enero;VOLUMEN
354706;GDT830;500;31/01/2017;Volumen Enero;VOLUMEN
354778;SRB732;500;31/01/2017;Volumen Enero;VOLUMEN
358282;HUQ727;500;31/01/2017;Volumen Enero;VOLUMEN
358823;ONS684;500;31/01/2017;Volumen Enero;VOLUMEN
363567;VSC135;500;31/01/2017;Volumen Enero;VOLUMEN
368528;YBY874;500;31/01/2017;Volumen Enero;VOLUMEN
369746;NLM113;500;31/01/2017;Volumen Enero;VOLUMEN
370930;WGQ746;500;31/01/2017;Volumen Enero;VOLUMEN
371834;GKG731;500;31/01/2017;Volumen Enero;VOLUMEN
372832;NJE303;500;31/01/2017;Volumen Enero;VOLUMEN
373768;FSD892;500;31/01/2017;Volumen Enero;VOLUMEN
374464;ARY992;500;31/01/2017;Volumen Enero;VOLUMEN
376100;RDX160;500;31/01/2017;Volumen Enero;VOLUMEN
377186;DSX792;500;31/01/2017;Volumen Enero;VOLUMEN
377308;RLL621;500;31/01/2017;Volumen Enero;VOLUMEN
378412;HOC311;500;31/01/2017;Volumen Enero;VOLUMEN
378688;TSE666;500;31/01/2017;Volumen Enero;VOLUMEN
380642;AUK986;500;31/01/2017;Volumen Enero;VOLUMEN
388256;MTU591;500;31/01/2017;Volumen Enero;VOLUMEN
389440;UQO979;500;31/01/2017;Volumen Enero;VOLUMEN
389871;PLP772;500;31/01/2017;Volumen Enero;VOLUMEN
390238;QOJ450;500;31/01/2017;Volumen Enero;VOLUMEN
391880;JBC941;500;31/01/2017;Volumen Enero;VOLUMEN
395677;EBT381;500;31/01/2017;Volumen Enero;VOLUMEN
91086;DBT660;500;31/01/2017;Volumen Enero;VOLUMEN
142189;HNO994;500;31/01/2017;Volumen Enero;VOLUMEN
173391;JUE934;500;31/01/2017;Volumen Enero;VOLUMEN
189187;EIW612;500;31/01/2017;Volumen Enero;VOLUMEN
301593;EHV970;500;31/01/2017;Volumen Enero;VOLUMEN
302066;BWE126;500;31/01/2017;Volumen Enero;VOLUMEN
307918;BXE140;500;31/01/2017;Volumen Enero;VOLUMEN
307993;TLQ547;500;31/01/2017;Volumen Enero;VOLUMEN
310805;TRX648;500;31/01/2017;Volumen Enero;VOLUMEN
312699;OAJ403;500;31/01/2017;Volumen Enero;VOLUMEN
316249;FCX648;500;31/01/2017;Volumen Enero;VOLUMEN
319843;HZA679;500;31/01/2017;Volumen Enero;VOLUMEN
322529;WTD619;500;31/01/2017;Volumen Enero;VOLUMEN
324436;UPX729;500;31/01/2017;Volumen Enero;VOLUMEN
326004;SOQ451;500;31/01/2017;Volumen Enero;VOLUMEN
327846;GYW672;500;31/01/2017;Volumen Enero;VOLUMEN
351965;GSY357;500;31/01/2017;Volumen Enero;VOLUMEN
354920;LSI332;500;31/01/2017;Volumen Enero;VOLUMEN
357380;SNO519;500;31/01/2017;Volumen Enero;VOLUMEN
357950;JVV254;500;31/01/2017;Volumen Enero;VOLUMEN
359581;HJH698;500;31/01/2017;Volumen Enero;VOLUMEN
359604;XUR295;500;31/01/2017;Volumen Enero;VOLUMEN
365510;JPZ830;500;31/01/2017;Volumen Enero;VOLUMEN
367129;SXG669;500;31/01/2017;Volumen Enero;VOLUMEN
367673;TXV901;500;31/01/2017;Volumen Enero;VOLUMEN
369917;OHK532;500;31/01/2017;Volumen Enero;VOLUMEN
372511;QOO812;500;31/01/2017;Volumen Enero;VOLUMEN
373196;VYT653;500;31/01/2017;Volumen Enero;VOLUMEN
373482;JDX167;500;31/01/2017;Volumen Enero;VOLUMEN
374079;XJD795;500;31/01/2017;Volumen Enero;VOLUMEN
374864;XBS419;500;31/01/2017;Volumen Enero;VOLUMEN
374981;POT643;500;31/01/2017;Volumen Enero;VOLUMEN
376032;BTF123;500;31/01/2017;Volumen Enero;VOLUMEN
378879;BBQ631;500;31/01/2017;Volumen Enero;VOLUMEN
379308;TZO783;500;31/01/2017;Volumen Enero;VOLUMEN
381088;CWE173;500;31/01/2017;Volumen Enero;VOLUMEN
383424;LZO825;500;31/01/2017;Volumen Enero;VOLUMEN
386181;RHZ148;500;31/01/2017;Volumen Enero;VOLUMEN
386987;QLH650;500;31/01/2017;Volumen Enero;VOLUMEN
388368;RLY764;500;31/01/2017;Volumen Enero;VOLUMEN
389082;EFS735;500;31/01/2017;Volumen Enero;VOLUMEN
389420;ZEZ565;500;31/01/2017;Volumen Enero;VOLUMEN
391119;GVR580;500;31/01/2017;Volumen Enero;VOLUMEN
392294;DCZ467;500;31/01/2017;Volumen Enero;VOLUMEN
395287;JGH720;500;31/01/2017;Volumen Enero;VOLUMEN
66288;CHE963;500;31/01/2017;Volumen Enero;VOLUMEN
263;AHU932;500;31/01/2017;Volumen Enero;VOLUMEN
429;YHS885;500;31/01/2017;Volumen Enero;VOLUMEN
478;MVI213;500;31/01/2017;Volumen Enero;VOLUMEN
561;XSC624;500;31/01/2017;Volumen Enero;VOLUMEN
640;CRI120;500;31/01/2017;Volumen Enero;VOLUMEN
10508;LUO825;500;31/01/2017;Volumen Enero;VOLUMEN
10872;BFP375;500;31/01/2017;Volumen Enero;VOLUMEN
11264;BJF498;500;31/01/2017;Volumen Enero;VOLUMEN
11293;GHQ806;500;31/01/2017;Volumen Enero;VOLUMEN
150146;ZHY568;500;31/01/2017;Volumen Enero;VOLUMEN
150620;VIW303;500;31/01/2017;Volumen Enero;VOLUMEN
150753;IVD874;500;31/01/2017;Volumen Enero;VOLUMEN
151018;ECQ980;500;31/01/2017;Volumen Enero;VOLUMEN
151309;QAG997;500;31/01/2017;Volumen Enero;VOLUMEN
151679;KMZ133;500;31/01/2017;Volumen Enero;VOLUMEN
151857;QSG106;500;31/01/2017;Volumen Enero;VOLUMEN
152210;WFJ539;500;31/01/2017;Volumen Enero;VOLUMEN
159250;KAQ606;500;31/01/2017;Volumen Enero;VOLUMEN
159342;OJX855;500;31/01/2017;Volumen Enero;VOLUMEN
9052;AXS860;500;31/01/2017;Volumen Enero;VOLUMEN
9345;KMO435;500;31/01/2017;Volumen Enero;VOLUMEN
10187;MSB255;500;31/01/2017;Volumen Enero;VOLUMEN
3614;OKZ218;500;31/01/2017;Volumen Enero;VOLUMEN
5094;VDT803;500;31/01/2017;Volumen Enero;VOLUMEN
9073;QCM175;500;31/01/2017;Volumen Enero;VOLUMEN
9583;GTB742;500;31/01/2017;Volumen Enero;VOLUMEN
9964;NJO678;500;31/01/2017;Volumen Enero;VOLUMEN
2019;ONP856;500;31/01/2017;Volumen Enero;VOLUMEN
2231;CTE309;500;31/01/2017;Volumen Enero;VOLUMEN
262;IGX709;500;31/01/2017;Volumen Enero;VOLUMEN
369;WGQ895;500;31/01/2017;Volumen Enero;VOLUMEN
3867;EUB872;500;31/01/2017;Volumen Enero;VOLUMEN
662;MAI626;500;31/01/2017;Volumen Enero;VOLUMEN
4436;LVQ680;500;31/01/2017;Volumen Enero;VOLUMEN
10968;NDO444;500;31/01/2017;Volumen Enero;VOLUMEN
11776;HLC375;500;31/01/2017;Volumen Enero;VOLUMEN
1215;VWU142;500;31/01/2017;Volumen Enero;VOLUMEN
12186;TZR992;500;31/01/2017;Volumen Enero;VOLUMEN
13418;YOU293;500;31/01/2017;Volumen Enero;VOLUMEN
13573;WVR498;500;31/01/2017;Volumen Enero;VOLUMEN
14461;MFI360;500;31/01/2017;Volumen Enero;VOLUMEN
14731;HGO400;500;31/01/2017;Volumen Enero;VOLUMEN
15183;MIO156;500;31/01/2017;Volumen Enero;VOLUMEN
15680;DMY137;500;31/01/2017;Volumen Enero;VOLUMEN
16564;SHL959;500;31/01/2017;Volumen Enero;VOLUMEN
16854;LRY846;500;31/01/2017;Volumen Enero;VOLUMEN
18008;PIH769;500;31/01/2017;Volumen Enero;VOLUMEN
18534;OUT168;500;31/01/2017;Volumen Enero;VOLUMEN
18772;OCM833;500;31/01/2017;Volumen Enero;VOLUMEN
18792;TMX462;500;31/01/2017;Volumen Enero;VOLUMEN
18847;DJJ980;500;31/01/2017;Volumen Enero;VOLUMEN
2685;DSD234;500;31/01/2017;Volumen Enero;VOLUMEN
2701;AHT561;500;31/01/2017;Volumen Enero;VOLUMEN
3296;FLF248;500;31/01/2017;Volumen Enero;VOLUMEN
3363;CDN888;500;31/01/2017;Volumen Enero;VOLUMEN
3963;WOD979;500;31/01/2017;Volumen Enero;VOLUMEN
4086;KFX252;500;31/01/2017;Volumen Enero;VOLUMEN
4658;QCV966;500;31/01/2017;Volumen Enero;VOLUMEN
4754;ECT556;500;31/01/2017;Volumen Enero;VOLUMEN
5841;AIT169;500;31/01/2017;Volumen Enero;VOLUMEN
6444;XOV952;500;31/01/2017;Volumen Enero;VOLUMEN
6587;BNG254;500;31/01/2017;Volumen Enero;VOLUMEN
7000;CTL653;500;31/01/2017;Volumen Enero;VOLUMEN
993;KEP715;500;31/01/2017;Volumen Enero;VOLUMEN
18542;AXA697;500;31/01/2017;Volumen Enero;VOLUMEN
21062;ZPB408;500;31/01/2017;Volumen Enero;VOLUMEN
27495;QJT180;500;31/01/2017;Volumen Enero;VOLUMEN
28784;ERR849;500;31/01/2017;Volumen Enero;VOLUMEN
28790;WSJ570;500;31/01/2017;Volumen Enero;VOLUMEN
30649;QSE343;500;31/01/2017;Volumen Enero;VOLUMEN
33444;KZZ171;500;31/01/2017;Volumen Enero;VOLUMEN
34471;GSV425;500;31/01/2017;Volumen Enero;VOLUMEN
35674;JIZ933;500;31/01/2017;Volumen Enero;VOLUMEN
39535;UPR188;500;31/01/2017;Volumen Enero;VOLUMEN
41738;IPV985;500;31/01/2017;Volumen Enero;VOLUMEN
41817;TND670;500;31/01/2017;Volumen Enero;VOLUMEN
9844;HUW942;500;31/01/2017;Volumen Enero;VOLUMEN
9908;VFL854;500;31/01/2017;Volumen Enero;VOLUMEN
10502;EBY938;500;31/01/2017;Volumen Enero;VOLUMEN
10640;ACP544;500;31/01/2017;Volumen Enero;VOLUMEN
11162;OAG106;500;31/01/2017;Volumen Enero;VOLUMEN
12300;AFC148;500;31/01/2017;Volumen Enero;VOLUMEN
1302;WSC383;500;31/01/2017;Volumen Enero;VOLUMEN
13088;FCO203;500;31/01/2017;Volumen Enero;VOLUMEN
14515;WFE446;500;31/01/2017;Volumen Enero;VOLUMEN
14756;OAD213;500;31/01/2017;Volumen Enero;VOLUMEN
2335;NAK147;500;31/01/2017;Volumen Enero;VOLUMEN
4960;AJX642;500;31/01/2017;Volumen Enero;VOLUMEN
7517;MFN231;500;31/01/2017;Volumen Enero;VOLUMEN
8220;MIL664;500;31/01/2017;Volumen Enero;VOLUMEN
9877;DRS711;500;31/01/2017;Volumen Enero;VOLUMEN
10450;XIO622;500;31/01/2017;Volumen Enero;VOLUMEN
10795;MPL492;500;31/01/2017;Volumen Enero;VOLUMEN
11755;BXF653;500;31/01/2017;Volumen Enero;VOLUMEN
12071;HWH720;500;31/01/2017;Volumen Enero;VOLUMEN
12679;MGY584;500;31/01/2017;Volumen Enero;VOLUMEN
13031;OLE571;500;31/01/2017;Volumen Enero;VOLUMEN
14375;WLI300;500;31/01/2017;Volumen Enero;VOLUMEN
14466;HYY459;500;31/01/2017;Volumen Enero;VOLUMEN
15047;RLP602;500;31/01/2017;Volumen Enero;VOLUMEN
15184;FPI386;500;31/01/2017;Volumen Enero;VOLUMEN
15401;CRU502;500;31/01/2017;Volumen Enero;VOLUMEN
15609;NNW501;500;31/01/2017;Volumen Enero;VOLUMEN
3497;VGX114;500;31/01/2017;Volumen Enero;VOLUMEN
7964;IZZ576;500;31/01/2017;Volumen Enero;VOLUMEN
952;HJY656;500;31/01/2017;Volumen Enero;VOLUMEN
9845;ZPM471;500;31/01/2017;Volumen Enero;VOLUMEN
105322;NFA826;500;31/01/2017;Volumen Enero;VOLUMEN
109452;AJF236;500;31/01/2017;Volumen Enero;VOLUMEN
10449;QAF313;500;31/01/2017;Volumen Enero;VOLUMEN
13923;JWI639;500;31/01/2017;Volumen Enero;VOLUMEN
14698;CXD656;500;31/01/2017;Volumen Enero;VOLUMEN
1510;UAJ817;500;31/01/2017;Volumen Enero;VOLUMEN
16955;UED985;500;31/01/2017;Volumen Enero;VOLUMEN
17929;XKL312;500;31/01/2017;Volumen Enero;VOLUMEN
3233;YOA616;500;31/01/2017;Volumen Enero;VOLUMEN
3760;ADR839;500;31/01/2017;Volumen Enero;VOLUMEN
714;RIH125;500;31/01/2017;Volumen Enero;VOLUMEN
9513;NDL360;500;31/01/2017;Volumen Enero;VOLUMEN
70454;QOX697;500;31/01/2017;Volumen Enero;VOLUMEN
99124;TTH272;500;31/01/2017;Volumen Enero;VOLUMEN
99239;AQC912;500;31/01/2017;Volumen Enero;VOLUMEN
99282;YDL135;500;31/01/2017;Volumen Enero;VOLUMEN
99548;UZU493;500;31/01/2017;Volumen Enero;VOLUMEN
123;PFT706;500;31/01/2017;Volumen Enero;VOLUMEN
21009;YWE752;500;31/01/2017;Volumen Enero;VOLUMEN
118067;FSX406;500;31/01/2017;Volumen Enero;VOLUMEN
224059;YDM239;500;31/01/2017;Volumen Enero;VOLUMEN
224081;DVH287;500;31/01/2017;Volumen Enero;VOLUMEN
505151;OXD442;500;31/01/2017;Volumen Enero;VOLUMEN
509002;JMQ741;500;31/01/2017;Volumen Enero;VOLUMEN
509004;FKF101;500;31/01/2017;Volumen Enero;VOLUMEN
509012;WTN931;500;31/01/2017;Volumen Enero;VOLUMEN
907131;HFB249;500;31/01/2017;Volumen Enero;VOLUMEN
10316;NFV368;500;31/01/2017;Volumen Enero;VOLUMEN
10633;WCV791;500;31/01/2017;Volumen Enero;VOLUMEN
11028;XLE629;500;31/01/2017;Volumen Enero;VOLUMEN
2313;GXW514;500;31/01/2017;Volumen Enero;VOLUMEN
2472;XSI474;500;31/01/2017;Volumen Enero;VOLUMEN
2862;KJR943;500;31/01/2017;Volumen Enero;VOLUMEN
3139;ROX763;500;31/01/2017;Volumen Enero;VOLUMEN
5176;QQZ805;500;31/01/2017;Volumen Enero;VOLUMEN
6305;IEM624;500;31/01/2017;Volumen Enero;VOLUMEN
7644;SQT140;500;31/01/2017;Volumen Enero;VOLUMEN
79;OZY627;500;31/01/2017;Volumen Enero;VOLUMEN
316;WIK690;500;31/01/2017;Volumen Enero;VOLUMEN
5623;HXN227;500;31/01/2017;Volumen Enero;VOLUMEN
6036;JUE204;500;31/01/2017;Volumen Enero;VOLUMEN
6816;SIF883;500;31/01/2017;Volumen Enero;VOLUMEN
710;HJJ114;500;31/01/2017;Volumen Enero;VOLUMEN
11642;HWL127;500;31/01/2017;Volumen Enero;VOLUMEN
13550;QPU200;500;31/01/2017;Volumen Enero;VOLUMEN
5124;CZD190;500;31/01/2017;Volumen Enero;VOLUMEN
5594;KLS868;500;31/01/2017;Volumen Enero;VOLUMEN
10243;SSF949;500;31/01/2017;Volumen Enero;VOLUMEN
13268;OKI932;500;31/01/2017;Volumen Enero;VOLUMEN
17876;OBZ914;500;31/01/2017;Volumen Enero;VOLUMEN
18041;JEW436;500;31/01/2017;Volumen Enero;VOLUMEN
40116;PDO223;500;31/01/2017;Volumen Enero;VOLUMEN
4296;NQZ642;500;31/01/2017;Volumen Enero;VOLUMEN
60139;NZN893;500;31/01/2017;Volumen Enero;VOLUMEN
60151;XWX888;500;31/01/2017;Volumen Enero;VOLUMEN
60152;SDR843;500;31/01/2017;Volumen Enero;VOLUMEN
159;GIM898;500;31/01/2017;Volumen Enero;VOLUMEN
1808;PXP502;500;31/01/2017;Volumen Enero;VOLUMEN
1907;PRC928;500;31/01/2017;Volumen Enero;VOLUMEN
2751;QBE693;500;31/01/2017;Volumen Enero;VOLUMEN
4321;EDN267;500;31/01/2017;Volumen Enero;VOLUMEN
4416;QYI965;500;31/01/2017;Volumen Enero;VOLUMEN
4524;AHO564;500;31/01/2017;Volumen Enero;VOLUMEN
6326;ZNX324;500;31/01/2017;Volumen Enero;VOLUMEN
7464;EWZ197;500;31/01/2017;Volumen Enero;VOLUMEN
7551;LLI248;500;31/01/2017;Volumen Enero;VOLUMEN
906;XHC890;500;31/01/2017;Volumen Enero;VOLUMEN
10058;VVJ569;500;31/01/2017;Volumen Enero;VOLUMEN
1298;GJI681;500;31/01/2017;Volumen Enero;VOLUMEN
1350;UTM347;500;31/01/2017;Volumen Enero;VOLUMEN
2021;JKE825;500;31/01/2017;Volumen Enero;VOLUMEN
2029;JWM838;500;31/01/2017;Volumen Enero;VOLUMEN
2046;UUX406;500;31/01/2017;Volumen Enero;VOLUMEN
2753;ZGJ219;500;31/01/2017;Volumen Enero;VOLUMEN
2984;NFH331;500;31/01/2017;Volumen Enero;VOLUMEN
5390;RFB505;500;31/01/2017;Volumen Enero;VOLUMEN
7622;NNV608;500;31/01/2017;Volumen Enero;VOLUMEN
7837;OIJ776;500;31/01/2017;Volumen Enero;VOLUMEN
9922;ZXE603;500;31/01/2017;Volumen Enero;VOLUMEN
378382;CJO667;500;31/01/2017;Volumen Enero;VOLUMEN
384994;APB971;500;31/01/2017;Volumen Enero;VOLUMEN
151337;VCX396;500;31/01/2017;Volumen Enero;VOLUMEN
11841;XIG684;500;31/01/2017;Volumen Enero;VOLUMEN
15096;FGZ939;500;31/01/2017;Volumen Enero;VOLUMEN
15791;IIS724;500;31/01/2017;Volumen Enero;VOLUMEN
16081;EDL710;500;31/01/2017;Volumen Enero;VOLUMEN
3146;SEB878;500;31/01/2017;Volumen Enero;VOLUMEN
375573;IUW996;500;31/01/2017;Volumen Enero;VOLUMEN
395348;IPA444;500;31/01/2017;Volumen Enero;VOLUMEN
395921;IJM746;500;31/01/2017;Volumen Enero;VOLUMEN
395722;TWL659;500;31/01/2017;Volumen Enero;VOLUMEN
374570;KXW843;500;31/01/2017;Volumen Enero;VOLUMEN
157459;XSL483;500;31/01/2017;Volumen Enero;VOLUMEN
372252;RJX811;500;31/01/2017;Volumen Enero;VOLUMEN
71;DUR300;500;31/01/2017;Volumen Enero;VOLUMEN
372867;GPG705;500;31/01/2017;Volumen Enero;VOLUMEN
817924;TMD494;500;31/01/2017;Volumen Enero;VOLUMEN
362721;RHX316;500;31/01/2017;Volumen Enero;VOLUMEN
905704;TIA419;500;31/01/2017;Volumen Enero;VOLUMEN
10679;RSX122;500;31/01/2017;Volumen Enero;VOLUMEN
10249;EQX163;500;31/01/2017;Volumen Enero;VOLUMEN
96023;DNF247;500;31/01/2017;Volumen Enero;VOLUMEN
10315;HDK622;500;31/01/2017;Volumen Enero;VOLUMEN
10478;CLL295;500;31/01/2017;Volumen Enero;VOLUMEN
385488;HCF897;500;31/01/2017;Volumen Enero;VOLUMEN
883470;DWJ724;500;31/01/2017;Volumen Enero;VOLUMEN
353070;YUD496;500;31/01/2017;Volumen Enero;VOLUMEN
393075;ROA331;500;31/01/2017;Volumen Enero;VOLUMEN
306077;GDI212;500;31/01/2017;Volumen Enero;VOLUMEN
172977;JPF414;500;31/01/2017;Volumen Enero;VOLUMEN
1493;AYZ984;500;31/01/2017;Volumen Enero;VOLUMEN
4371;MJJ698;500;31/01/2017;Volumen Enero;VOLUMEN
4644;AKO346;500;31/01/2017;Volumen Enero;VOLUMEN
4469;AGC238;500;31/01/2017;Volumen Enero;VOLUMEN
2436;QIL207;500;31/01/2017;Volumen Enero;VOLUMEN
1920;HWA609;500;31/01/2017;Volumen Enero;VOLUMEN
2124;JLY542;500;31/01/2017;Volumen Enero;VOLUMEN
7031;AUO700;500;31/01/2017;Volumen Enero;VOLUMEN
2157;QCP286;500;31/01/2017;Volumen Enero;VOLUMEN
1974;SNA423;500;31/01/2017;Volumen Enero;VOLUMEN
356780;ZNJ208;500;31/01/2017;Volumen Enero;VOLUMEN
396650;IOF141;500;31/01/2017;Volumen Enero;VOLUMEN
5379;QEP791;500;31/01/2017;Volumen Enero;VOLUMEN
169868;CKA743;500;31/01/2017;Volumen Enero;VOLUMEN
11315;RPR968;300;31/01/2017;Cobertura Enero;COBERTURA
9073;QCM175;300;31/01/2017;Cobertura Enero;COBERTURA
40116;PDO223;300;31/01/2017;Cobertura Enero;COBERTURA
159;GIM898;300;31/01/2017;Cobertura Enero;COBERTURA
5390;RFB505;300;31/01/2017;Cobertura Enero;COBERTURA
10508;LUO825;250;31/01/2017;Cobertura Enero;COBERTURA
28835;ZZX640;250;31/01/2017;Cobertura Enero;COBERTURA
47001;GMS551;250;31/01/2017;Cobertura Enero;COBERTURA
6305;IEM624;250;31/01/2017;Cobertura Enero;COBERTURA
8913;TNB105;250;31/01/2017;Cobertura Enero;COBERTURA
6036;JUE204;250;31/01/2017;Cobertura Enero;COBERTURA
2299;EWA143;250;31/01/2017;Cobertura Enero;COBERTURA
14660;NGD608;250;31/01/2017;Cobertura Enero;COBERTURA
371997;KPO435;200;31/01/2017;Cobertura Enero;COBERTURA
381882;VWF799;200;31/01/2017;Cobertura Enero;COBERTURA
313451;HZU925;200;31/01/2017;Cobertura Enero;COBERTURA
160287;OCL287;200;31/01/2017;Cobertura Enero;COBERTURA
370879;CJS541;200;31/01/2017;Cobertura Enero;COBERTURA
100526;KVY651;200;31/01/2017;Cobertura Enero;COBERTURA
136572;IQJ698;200;31/01/2017;Cobertura Enero;COBERTURA
142094;LQF734;200;31/01/2017;Cobertura Enero;COBERTURA
145610;GEZ668;200;31/01/2017;Cobertura Enero;COBERTURA
171445;DLJ962;200;31/01/2017;Cobertura Enero;COBERTURA
173080;OLD340;200;31/01/2017;Cobertura Enero;COBERTURA
173689;LGG938;200;31/01/2017;Cobertura Enero;COBERTURA
174099;WYU400;200;31/01/2017;Cobertura Enero;COBERTURA
174798;XPC647;200;31/01/2017;Cobertura Enero;COBERTURA
177849;DOW124;200;31/01/2017;Cobertura Enero;COBERTURA
186593;NPV563;200;31/01/2017;Cobertura Enero;COBERTURA
187742;SXT420;200;31/01/2017;Cobertura Enero;COBERTURA
188715;HJL260;200;31/01/2017;Cobertura Enero;COBERTURA
300336;ZTX991;200;31/01/2017;Cobertura Enero;COBERTURA
301740;HDL765;200;31/01/2017;Cobertura Enero;COBERTURA
305103;GFC837;200;31/01/2017;Cobertura Enero;COBERTURA
305747;COV990;200;31/01/2017;Cobertura Enero;COBERTURA
308743;PWZ888;200;31/01/2017;Cobertura Enero;COBERTURA
309665;QOR404;200;31/01/2017;Cobertura Enero;COBERTURA
310030;BGQ133;200;31/01/2017;Cobertura Enero;COBERTURA
312899;NEZ339;200;31/01/2017;Cobertura Enero;COBERTURA
313070;KPI575;200;31/01/2017;Cobertura Enero;COBERTURA
324428;WIL765;200;31/01/2017;Cobertura Enero;COBERTURA
325259;WXN729;200;31/01/2017;Cobertura Enero;COBERTURA
326886;OSP507;200;31/01/2017;Cobertura Enero;COBERTURA
328769;TCA489;200;31/01/2017;Cobertura Enero;COBERTURA
329678;BVL833;200;31/01/2017;Cobertura Enero;COBERTURA
330049;WDF407;200;31/01/2017;Cobertura Enero;COBERTURA
331052;LSS128;200;31/01/2017;Cobertura Enero;COBERTURA
334352;XYV674;200;31/01/2017;Cobertura Enero;COBERTURA
334861;PCK338;200;31/01/2017;Cobertura Enero;COBERTURA
342745;CKW512;200;31/01/2017;Cobertura Enero;COBERTURA
342803;UVD822;200;31/01/2017;Cobertura Enero;COBERTURA
345250;NJL756;200;31/01/2017;Cobertura Enero;COBERTURA
354706;GDT830;200;31/01/2017;Cobertura Enero;COBERTURA
358282;HUQ727;200;31/01/2017;Cobertura Enero;COBERTURA
358823;ONS684;200;31/01/2017;Cobertura Enero;COBERTURA
359158;CND359;200;31/01/2017;Cobertura Enero;COBERTURA
360029;BFZ784;200;31/01/2017;Cobertura Enero;COBERTURA
363567;VSC135;200;31/01/2017;Cobertura Enero;COBERTURA
363998;VUQ164;200;31/01/2017;Cobertura Enero;COBERTURA
365507;HGS848;200;31/01/2017;Cobertura Enero;COBERTURA
367493;IPK818;200;31/01/2017;Cobertura Enero;COBERTURA
368528;YBY874;200;31/01/2017;Cobertura Enero;COBERTURA
368782;QOS776;200;31/01/2017;Cobertura Enero;COBERTURA
369484;ZCP489;200;31/01/2017;Cobertura Enero;COBERTURA
369746;NLM113;200;31/01/2017;Cobertura Enero;COBERTURA
370498;KPR417;200;31/01/2017;Cobertura Enero;COBERTURA
370930;WGQ746;200;31/01/2017;Cobertura Enero;COBERTURA
371938;ZPO470;200;31/01/2017;Cobertura Enero;COBERTURA
372149;DBV869;200;31/01/2017;Cobertura Enero;COBERTURA
372191;JGJ973;200;31/01/2017;Cobertura Enero;COBERTURA
372832;NJE303;200;31/01/2017;Cobertura Enero;COBERTURA
373253;QXW380;200;31/01/2017;Cobertura Enero;COBERTURA
373768;FSD892;200;31/01/2017;Cobertura Enero;COBERTURA
374464;ARY992;200;31/01/2017;Cobertura Enero;COBERTURA
375999;AUZ249;200;31/01/2017;Cobertura Enero;COBERTURA
376100;RDX160;200;31/01/2017;Cobertura Enero;COBERTURA
376327;ZOY504;200;31/01/2017;Cobertura Enero;COBERTURA
377186;DSX792;200;31/01/2017;Cobertura Enero;COBERTURA
377308;RLL621;200;31/01/2017;Cobertura Enero;COBERTURA
378378;AGE874;200;31/01/2017;Cobertura Enero;COBERTURA
378384;WUN713;200;31/01/2017;Cobertura Enero;COBERTURA
378688;TSE666;200;31/01/2017;Cobertura Enero;COBERTURA
379601;ILW520;200;31/01/2017;Cobertura Enero;COBERTURA
380642;AUK986;200;31/01/2017;Cobertura Enero;COBERTURA
382975;IGD401;200;31/01/2017;Cobertura Enero;COBERTURA
384370;CTB675;200;31/01/2017;Cobertura Enero;COBERTURA
388256;MTU591;200;31/01/2017;Cobertura Enero;COBERTURA
389111;KKK458;200;31/01/2017;Cobertura Enero;COBERTURA
389440;UQO979;200;31/01/2017;Cobertura Enero;COBERTURA
389652;FGY568;200;31/01/2017;Cobertura Enero;COBERTURA
389787;UEF762;200;31/01/2017;Cobertura Enero;COBERTURA
389871;PLP772;200;31/01/2017;Cobertura Enero;COBERTURA
391880;JBC941;200;31/01/2017;Cobertura Enero;COBERTURA
392961;MYX210;200;31/01/2017;Cobertura Enero;COBERTURA
393221;EEP170;200;31/01/2017;Cobertura Enero;COBERTURA
393771;GSL217;200;31/01/2017;Cobertura Enero;COBERTURA
395442;HHP673;200;31/01/2017;Cobertura Enero;COBERTURA
395677;EBT381;200;31/01/2017;Cobertura Enero;COBERTURA
91086;DBT660;200;31/01/2017;Cobertura Enero;COBERTURA
101791;MHH822;200;31/01/2017;Cobertura Enero;COBERTURA
105003;MCJ577;200;31/01/2017;Cobertura Enero;COBERTURA
137684;XDS110;200;31/01/2017;Cobertura Enero;COBERTURA
123829;JLL478;200;31/01/2017;Cobertura Enero;COBERTURA
141498;ZTE909;200;31/01/2017;Cobertura Enero;COBERTURA
172374;PAT944;200;31/01/2017;Cobertura Enero;COBERTURA
173391;JUE934;200;31/01/2017;Cobertura Enero;COBERTURA
176575;BRI573;200;31/01/2017;Cobertura Enero;COBERTURA
176995;ONC540;200;31/01/2017;Cobertura Enero;COBERTURA
182878;CXR176;200;31/01/2017;Cobertura Enero;COBERTURA
185206;LNT876;200;31/01/2017;Cobertura Enero;COBERTURA
186190;ZFC671;200;31/01/2017;Cobertura Enero;COBERTURA
189187;EIW612;200;31/01/2017;Cobertura Enero;COBERTURA
301593;EHV970;200;31/01/2017;Cobertura Enero;COBERTURA
189778;EKA746;200;31/01/2017;Cobertura Enero;COBERTURA
302976;CGM687;200;31/01/2017;Cobertura Enero;COBERTURA
304176;QZE394;200;31/01/2017;Cobertura Enero;COBERTURA
307542;KQA415;200;31/01/2017;Cobertura Enero;COBERTURA
307918;BXE140;200;31/01/2017;Cobertura Enero;COBERTURA
307993;TLQ547;200;31/01/2017;Cobertura Enero;COBERTURA
309773;MAW287;200;31/01/2017;Cobertura Enero;COBERTURA
310805;TRX648;200;31/01/2017;Cobertura Enero;COBERTURA
310899;XEH734;200;31/01/2017;Cobertura Enero;COBERTURA
312676;XIB608;200;31/01/2017;Cobertura Enero;COBERTURA
312699;OAJ403;200;31/01/2017;Cobertura Enero;COBERTURA
316249;FCX648;200;31/01/2017;Cobertura Enero;COBERTURA
319843;HZA679;200;31/01/2017;Cobertura Enero;COBERTURA
322529;WTD619;200;31/01/2017;Cobertura Enero;COBERTURA
323770;IVE642;200;31/01/2017;Cobertura Enero;COBERTURA
324436;UPX729;200;31/01/2017;Cobertura Enero;COBERTURA
326943;BOX739;200;31/01/2017;Cobertura Enero;COBERTURA
327846;GYW672;200;31/01/2017;Cobertura Enero;COBERTURA
330400;NAA440;200;31/01/2017;Cobertura Enero;COBERTURA
330649;RGT289;200;31/01/2017;Cobertura Enero;COBERTURA
334248;SKR916;200;31/01/2017;Cobertura Enero;COBERTURA
335240;PQO615;200;31/01/2017;Cobertura Enero;COBERTURA
351965;GSY357;200;31/01/2017;Cobertura Enero;COBERTURA
354898;MUZ829;200;31/01/2017;Cobertura Enero;COBERTURA
354920;LSI332;200;31/01/2017;Cobertura Enero;COBERTURA
357380;SNO519;200;31/01/2017;Cobertura Enero;COBERTURA
359581;HJH698;200;31/01/2017;Cobertura Enero;COBERTURA
359930;EOX386;200;31/01/2017;Cobertura Enero;COBERTURA
360199;RMH517;200;31/01/2017;Cobertura Enero;COBERTURA
360610;IPT700;200;31/01/2017;Cobertura Enero;COBERTURA
365124;CJR306;200;31/01/2017;Cobertura Enero;COBERTURA
365231;JGC990;200;31/01/2017;Cobertura Enero;COBERTURA
365510;JPZ830;200;31/01/2017;Cobertura Enero;COBERTURA
365771;EEZ874;200;31/01/2017;Cobertura Enero;COBERTURA
367129;SXG669;200;31/01/2017;Cobertura Enero;COBERTURA
367673;TXV901;200;31/01/2017;Cobertura Enero;COBERTURA
368359;OUN555;200;31/01/2017;Cobertura Enero;COBERTURA
369915;HKF692;200;31/01/2017;Cobertura Enero;COBERTURA
370492;YOX623;200;31/01/2017;Cobertura Enero;COBERTURA
371126;GKA723;200;31/01/2017;Cobertura Enero;COBERTURA
372511;QOO812;200;31/01/2017;Cobertura Enero;COBERTURA
373102;RQV108;200;31/01/2017;Cobertura Enero;COBERTURA
373196;VYT653;200;31/01/2017;Cobertura Enero;COBERTURA
373482;JDX167;200;31/01/2017;Cobertura Enero;COBERTURA
374079;XJD795;200;31/01/2017;Cobertura Enero;COBERTURA
374681;BDV239;200;31/01/2017;Cobertura Enero;COBERTURA
374864;XBS419;200;31/01/2017;Cobertura Enero;COBERTURA
374981;POT643;200;31/01/2017;Cobertura Enero;COBERTURA
375480;YUE600;200;31/01/2017;Cobertura Enero;COBERTURA
376032;BTF123;200;31/01/2017;Cobertura Enero;COBERTURA
377340;UOZ215;200;31/01/2017;Cobertura Enero;COBERTURA
377934;VBC787;200;31/01/2017;Cobertura Enero;COBERTURA
379308;TZO783;200;31/01/2017;Cobertura Enero;COBERTURA
381151;FQQ571;200;31/01/2017;Cobertura Enero;COBERTURA
383424;LZO825;200;31/01/2017;Cobertura Enero;COBERTURA
383515;SHZ255;200;31/01/2017;Cobertura Enero;COBERTURA
384641;GAY254;200;31/01/2017;Cobertura Enero;COBERTURA
385070;CXV597;200;31/01/2017;Cobertura Enero;COBERTURA
385073;WLY466;200;31/01/2017;Cobertura Enero;COBERTURA
386181;RHZ148;200;31/01/2017;Cobertura Enero;COBERTURA
386572;DOZ299;200;31/01/2017;Cobertura Enero;COBERTURA
388368;RLY764;200;31/01/2017;Cobertura Enero;COBERTURA
388742;DBH969;200;31/01/2017;Cobertura Enero;COBERTURA
389082;EFS735;200;31/01/2017;Cobertura Enero;COBERTURA
389420;ZEZ565;200;31/01/2017;Cobertura Enero;COBERTURA
391354;YJM576;200;31/01/2017;Cobertura Enero;COBERTURA
392294;DCZ467;200;31/01/2017;Cobertura Enero;COBERTURA
395287;JGH720;200;31/01/2017;Cobertura Enero;COBERTURA
61597;RBG621;200;31/01/2017;Cobertura Enero;COBERTURA
66288;CHE963;200;31/01/2017;Cobertura Enero;COBERTURA
263;AHU932;200;31/01/2017;Cobertura Enero;COBERTURA
282;NXZ506;200;31/01/2017;Cobertura Enero;COBERTURA
386;NIT783;200;31/01/2017;Cobertura Enero;COBERTURA
429;YHS885;200;31/01/2017;Cobertura Enero;COBERTURA
478;MVI213;200;31/01/2017;Cobertura Enero;COBERTURA
517;PTV773;200;31/01/2017;Cobertura Enero;COBERTURA
640;CRI120;200;31/01/2017;Cobertura Enero;COBERTURA
10872;BFP375;200;31/01/2017;Cobertura Enero;COBERTURA
11264;BJF498;200;31/01/2017;Cobertura Enero;COBERTURA
11625;CDD111;200;31/01/2017;Cobertura Enero;COBERTURA
11836;UPA327;200;31/01/2017;Cobertura Enero;COBERTURA
150620;VIW303;200;31/01/2017;Cobertura Enero;COBERTURA
151018;ECQ980;200;31/01/2017;Cobertura Enero;COBERTURA
151156;LTY926;200;31/01/2017;Cobertura Enero;COBERTURA
151309;QAG997;200;31/01/2017;Cobertura Enero;COBERTURA
151557;CRS536;200;31/01/2017;Cobertura Enero;COBERTURA
151857;QSG106;200;31/01/2017;Cobertura Enero;COBERTURA
159342;OJX855;200;31/01/2017;Cobertura Enero;COBERTURA
9052;AXS860;200;31/01/2017;Cobertura Enero;COBERTURA
9287;PKR752;200;31/01/2017;Cobertura Enero;COBERTURA
9970;HLV644;200;31/01/2017;Cobertura Enero;COBERTURA
10187;MSB255;200;31/01/2017;Cobertura Enero;COBERTURA
5094;VDT803;200;31/01/2017;Cobertura Enero;COBERTURA
9583;GTB742;200;31/01/2017;Cobertura Enero;COBERTURA
9683;IUJ499;200;31/01/2017;Cobertura Enero;COBERTURA
9964;NJO678;200;31/01/2017;Cobertura Enero;COBERTURA
2019;ONP856;200;31/01/2017;Cobertura Enero;COBERTURA
2376;NRR990;200;31/01/2017;Cobertura Enero;COBERTURA
2987;WVG223;200;31/01/2017;Cobertura Enero;COBERTURA
3867;EUB872;200;31/01/2017;Cobertura Enero;COBERTURA
662;MAI626;200;31/01/2017;Cobertura Enero;COBERTURA
752;SOV524;200;31/01/2017;Cobertura Enero;COBERTURA
4436;LVQ680;200;31/01/2017;Cobertura Enero;COBERTURA
10863;DIH115;200;31/01/2017;Cobertura Enero;COBERTURA
10924;QZJ910;200;31/01/2017;Cobertura Enero;COBERTURA
11745;QBK524;200;31/01/2017;Cobertura Enero;COBERTURA
1215;VWU142;200;31/01/2017;Cobertura Enero;COBERTURA
13573;WVR498;200;31/01/2017;Cobertura Enero;COBERTURA
14461;MFI360;200;31/01/2017;Cobertura Enero;COBERTURA
14731;HGO400;200;31/01/2017;Cobertura Enero;COBERTURA
1511;BZV488;200;31/01/2017;Cobertura Enero;COBERTURA
15183;MIO156;200;31/01/2017;Cobertura Enero;COBERTURA
15680;DMY137;200;31/01/2017;Cobertura Enero;COBERTURA
16564;SHL959;200;31/01/2017;Cobertura Enero;COBERTURA
17107;SLK925;200;31/01/2017;Cobertura Enero;COBERTURA
18008;PIH769;200;31/01/2017;Cobertura Enero;COBERTURA
18534;OUT168;200;31/01/2017;Cobertura Enero;COBERTURA
18772;OCM833;200;31/01/2017;Cobertura Enero;COBERTURA
18792;TMX462;200;31/01/2017;Cobertura Enero;COBERTURA
18847;DJJ980;200;31/01/2017;Cobertura Enero;COBERTURA
2701;AHT561;200;31/01/2017;Cobertura Enero;COBERTURA
3294;LXI439;200;31/01/2017;Cobertura Enero;COBERTURA
3296;FLF248;200;31/01/2017;Cobertura Enero;COBERTURA
3363;CDN888;200;31/01/2017;Cobertura Enero;COBERTURA
4658;QCV966;200;31/01/2017;Cobertura Enero;COBERTURA
4754;ECT556;200;31/01/2017;Cobertura Enero;COBERTURA
6347;HRP819;200;31/01/2017;Cobertura Enero;COBERTURA
6444;XOV952;200;31/01/2017;Cobertura Enero;COBERTURA
6514;AJT873;200;31/01/2017;Cobertura Enero;COBERTURA
7000;CTL653;200;31/01/2017;Cobertura Enero;COBERTURA
9176;PFZ396;200;31/01/2017;Cobertura Enero;COBERTURA
943;UIW204;200;31/01/2017;Cobertura Enero;COBERTURA
9984;FCL943;200;31/01/2017;Cobertura Enero;COBERTURA
18542;AXA697;200;31/01/2017;Cobertura Enero;COBERTURA
21062;ZPB408;200;31/01/2017;Cobertura Enero;COBERTURA
27208;CAN547;200;31/01/2017;Cobertura Enero;COBERTURA
27495;QJT180;200;31/01/2017;Cobertura Enero;COBERTURA
28784;ERR849;200;31/01/2017;Cobertura Enero;COBERTURA
28790;WSJ570;200;31/01/2017;Cobertura Enero;COBERTURA
30479;XZO141;200;31/01/2017;Cobertura Enero;COBERTURA
30795;TXD224;200;31/01/2017;Cobertura Enero;COBERTURA
33444;KZZ171;200;31/01/2017;Cobertura Enero;COBERTURA
34471;GSV425;200;31/01/2017;Cobertura Enero;COBERTURA
35674;JIZ933;200;31/01/2017;Cobertura Enero;COBERTURA
36107;TDN338;200;31/01/2017;Cobertura Enero;COBERTURA
40503;RVY410;200;31/01/2017;Cobertura Enero;COBERTURA
41296;AHZ446;200;31/01/2017;Cobertura Enero;COBERTURA
41738;IPV985;200;31/01/2017;Cobertura Enero;COBERTURA
9908;VFL854;200;31/01/2017;Cobertura Enero;COBERTURA
10640;ACP544;200;31/01/2017;Cobertura Enero;COBERTURA
12300;AFC148;200;31/01/2017;Cobertura Enero;COBERTURA
1302;WSC383;200;31/01/2017;Cobertura Enero;COBERTURA
13088;FCO203;200;31/01/2017;Cobertura Enero;COBERTURA
13441;HHK457;200;31/01/2017;Cobertura Enero;COBERTURA
13804;WID814;200;31/01/2017;Cobertura Enero;COBERTURA
14515;WFE446;200;31/01/2017;Cobertura Enero;COBERTURA
147;GTY385;200;31/01/2017;Cobertura Enero;COBERTURA
14756;OAD213;200;31/01/2017;Cobertura Enero;COBERTURA
2335;NAK147;200;31/01/2017;Cobertura Enero;COBERTURA
5215;DLY418;200;31/01/2017;Cobertura Enero;COBERTURA
7517;MFN231;200;31/01/2017;Cobertura Enero;COBERTURA
780;OKY850;200;31/01/2017;Cobertura Enero;COBERTURA
8220;MIL664;200;31/01/2017;Cobertura Enero;COBERTURA
9877;DRS711;200;31/01/2017;Cobertura Enero;COBERTURA
10450;XIO622;200;31/01/2017;Cobertura Enero;COBERTURA
10796;KEK385;200;31/01/2017;Cobertura Enero;COBERTURA
11755;BXF653;200;31/01/2017;Cobertura Enero;COBERTURA
11944;JHS961;200;31/01/2017;Cobertura Enero;COBERTURA
12679;MGY584;200;31/01/2017;Cobertura Enero;COBERTURA
12697;JWR331;200;31/01/2017;Cobertura Enero;COBERTURA
13031;OLE571;200;31/01/2017;Cobertura Enero;COBERTURA
13093;UKT742;200;31/01/2017;Cobertura Enero;COBERTURA
13269;GUT734;200;31/01/2017;Cobertura Enero;COBERTURA
14044;FUN427;200;31/01/2017;Cobertura Enero;COBERTURA
14230;QGS540;200;31/01/2017;Cobertura Enero;COBERTURA
14343;TFN205;200;31/01/2017;Cobertura Enero;COBERTURA
14375;WLI300;200;31/01/2017;Cobertura Enero;COBERTURA
14376;FRD710;200;31/01/2017;Cobertura Enero;COBERTURA
14397;AUM345;200;31/01/2017;Cobertura Enero;COBERTURA
14466;HYY459;200;31/01/2017;Cobertura Enero;COBERTURA
14597;WHZ108;200;31/01/2017;Cobertura Enero;COBERTURA
14603;OSV901;200;31/01/2017;Cobertura Enero;COBERTURA
14614;ABT832;200;31/01/2017;Cobertura Enero;COBERTURA
15047;RLP602;200;31/01/2017;Cobertura Enero;COBERTURA
15090;HWI740;200;31/01/2017;Cobertura Enero;COBERTURA
15130;NSF910;200;31/01/2017;Cobertura Enero;COBERTURA
15184;FPI386;200;31/01/2017;Cobertura Enero;COBERTURA
15401;CRU502;200;31/01/2017;Cobertura Enero;COBERTURA
15422;BHC695;200;31/01/2017;Cobertura Enero;COBERTURA
15435;RBX718;200;31/01/2017;Cobertura Enero;COBERTURA
15485;GNY130;200;31/01/2017;Cobertura Enero;COBERTURA
15641;YFF974;200;31/01/2017;Cobertura Enero;COBERTURA
2021;SRX224;200;31/01/2017;Cobertura Enero;COBERTURA
2070;QLQ456;200;31/01/2017;Cobertura Enero;COBERTURA
220;GRS971;200;31/01/2017;Cobertura Enero;COBERTURA
3474;AVM759;200;31/01/2017;Cobertura Enero;COBERTURA
3497;VGX114;200;31/01/2017;Cobertura Enero;COBERTURA
6987;QNB752;200;31/01/2017;Cobertura Enero;COBERTURA
7153;SAR836;200;31/01/2017;Cobertura Enero;COBERTURA
7350;CHC153;200;31/01/2017;Cobertura Enero;COBERTURA
7759;HAA217;200;31/01/2017;Cobertura Enero;COBERTURA
7964;IZZ576;200;31/01/2017;Cobertura Enero;COBERTURA
952;HJY656;200;31/01/2017;Cobertura Enero;COBERTURA
105322;NFA826;200;31/01/2017;Cobertura Enero;COBERTURA
113161;VUT650;200;31/01/2017;Cobertura Enero;COBERTURA
10449;QAF313;200;31/01/2017;Cobertura Enero;COBERTURA
13923;JWI639;200;31/01/2017;Cobertura Enero;COBERTURA
1510;UAJ817;200;31/01/2017;Cobertura Enero;COBERTURA
17929;XKL312;200;31/01/2017;Cobertura Enero;COBERTURA
1895;VJM190;200;31/01/2017;Cobertura Enero;COBERTURA
2991;IMX513;200;31/01/2017;Cobertura Enero;COBERTURA
3233;YOA616;200;31/01/2017;Cobertura Enero;COBERTURA
5440;VZA242;200;31/01/2017;Cobertura Enero;COBERTURA
714;RIH125;200;31/01/2017;Cobertura Enero;COBERTURA
9513;NDL360;200;31/01/2017;Cobertura Enero;COBERTURA
11718;BAJ689;200;31/01/2017;Cobertura Enero;COBERTURA
70454;QOX697;200;31/01/2017;Cobertura Enero;COBERTURA
99548;UZU493;200;31/01/2017;Cobertura Enero;COBERTURA
123;PFT706;200;31/01/2017;Cobertura Enero;COBERTURA
21009;YWE752;200;31/01/2017;Cobertura Enero;COBERTURA
44034;IBR733;200;31/01/2017;Cobertura Enero;COBERTURA
224059;YDM239;200;31/01/2017;Cobertura Enero;COBERTURA
224081;DVH287;200;31/01/2017;Cobertura Enero;COBERTURA
505151;OXD442;200;31/01/2017;Cobertura Enero;COBERTURA
509002;JMQ741;200;31/01/2017;Cobertura Enero;COBERTURA
509004;FKF101;200;31/01/2017;Cobertura Enero;COBERTURA
509012;WTN931;200;31/01/2017;Cobertura Enero;COBERTURA
907131;HFB249;200;31/01/2017;Cobertura Enero;COBERTURA
10058;JZD349;200;31/01/2017;Cobertura Enero;COBERTURA
10118;NQT350;200;31/01/2017;Cobertura Enero;COBERTURA
10316;NFV368;200;31/01/2017;Cobertura Enero;COBERTURA
10633;WCV791;200;31/01/2017;Cobertura Enero;COBERTURA
10884;XIW819;200;31/01/2017;Cobertura Enero;COBERTURA
10927;HHH719;200;31/01/2017;Cobertura Enero;COBERTURA
11028;XLE629;200;31/01/2017;Cobertura Enero;COBERTURA
1115;TFL619;200;31/01/2017;Cobertura Enero;COBERTURA
1923;WDD768;200;31/01/2017;Cobertura Enero;COBERTURA
2313;GXW514;200;31/01/2017;Cobertura Enero;COBERTURA
2472;XSI474;200;31/01/2017;Cobertura Enero;COBERTURA
2862;KJR943;200;31/01/2017;Cobertura Enero;COBERTURA
301;QFM343;200;31/01/2017;Cobertura Enero;COBERTURA
6474;FEK208;200;31/01/2017;Cobertura Enero;COBERTURA
7644;SQT140;200;31/01/2017;Cobertura Enero;COBERTURA
79;OZY627;200;31/01/2017;Cobertura Enero;COBERTURA
8131;MXQ900;200;31/01/2017;Cobertura Enero;COBERTURA
316;WIK690;200;31/01/2017;Cobertura Enero;COBERTURA
4502;GPV319;200;31/01/2017;Cobertura Enero;COBERTURA
4532;LWZ331;200;31/01/2017;Cobertura Enero;COBERTURA
710;HJJ114;200;31/01/2017;Cobertura Enero;COBERTURA
11642;HWL127;200;31/01/2017;Cobertura Enero;COBERTURA
12053;ASM685;200;31/01/2017;Cobertura Enero;COBERTURA
12487;RCL496;200;31/01/2017;Cobertura Enero;COBERTURA
13550;QPU200;200;31/01/2017;Cobertura Enero;COBERTURA
5124;CZD190;200;31/01/2017;Cobertura Enero;COBERTURA
5594;KLS868;200;31/01/2017;Cobertura Enero;COBERTURA
7705;KQD987;200;31/01/2017;Cobertura Enero;COBERTURA
10243;SSF949;200;31/01/2017;Cobertura Enero;COBERTURA
13268;OKI932;200;31/01/2017;Cobertura Enero;COBERTURA
16893;ATR577;200;31/01/2017;Cobertura Enero;COBERTURA
17876;OBZ914;200;31/01/2017;Cobertura Enero;COBERTURA
18041;JEW436;200;31/01/2017;Cobertura Enero;COBERTURA
4296;NQZ642;200;31/01/2017;Cobertura Enero;COBERTURA
5751;ABR694;200;31/01/2017;Cobertura Enero;COBERTURA
60106;JDP381;200;31/01/2017;Cobertura Enero;COBERTURA
60112;HYY286;200;31/01/2017;Cobertura Enero;COBERTURA
60139;NZN893;200;31/01/2017;Cobertura Enero;COBERTURA
60151;XWX888;200;31/01/2017;Cobertura Enero;COBERTURA
60152;SDR843;200;31/01/2017;Cobertura Enero;COBERTURA
1808;PXP502;200;31/01/2017;Cobertura Enero;COBERTURA
1907;PRC928;200;31/01/2017;Cobertura Enero;COBERTURA
2751;QBE693;200;31/01/2017;Cobertura Enero;COBERTURA
2851;AUL587;200;31/01/2017;Cobertura Enero;COBERTURA
330;UGQ114;200;31/01/2017;Cobertura Enero;COBERTURA
4321;EDN267;200;31/01/2017;Cobertura Enero;COBERTURA
4416;QYI965;200;31/01/2017;Cobertura Enero;COBERTURA
4524;AHO564;200;31/01/2017;Cobertura Enero;COBERTURA
6326;ZNX324;200;31/01/2017;Cobertura Enero;COBERTURA
7222;IWY454;200;31/01/2017;Cobertura Enero;COBERTURA
7464;EWZ197;200;31/01/2017;Cobertura Enero;COBERTURA
7551;LLI248;200;31/01/2017;Cobertura Enero;COBERTURA
906;XHC890;200;31/01/2017;Cobertura Enero;COBERTURA
9937;FAD803;200;31/01/2017;Cobertura Enero;COBERTURA
1350;UTM347;200;31/01/2017;Cobertura Enero;COBERTURA
2021;JKE825;200;31/01/2017;Cobertura Enero;COBERTURA
2029;JWM838;200;31/01/2017;Cobertura Enero;COBERTURA
2046;UUX406;200;31/01/2017;Cobertura Enero;COBERTURA
2715;SDC681;200;31/01/2017;Cobertura Enero;COBERTURA
3084;JGP182;200;31/01/2017;Cobertura Enero;COBERTURA
7622;NNV608;200;31/01/2017;Cobertura Enero;COBERTURA
7837;OIJ776;200;31/01/2017;Cobertura Enero;COBERTURA
8268;OTI442;200;31/01/2017;Cobertura Enero;COBERTURA
9201;PCW609;200;31/01/2017;Cobertura Enero;COBERTURA
9922;ZXE603;200;31/01/2017;Cobertura Enero;COBERTURA
364948;HHS222;200;31/01/2017;Cobertura Enero;COBERTURA
378382;CJO667;200;31/01/2017;Cobertura Enero;COBERTURA
11841;XIG684;200;31/01/2017;Cobertura Enero;COBERTURA
15096;FGZ939;200;31/01/2017;Cobertura Enero;COBERTURA
15751;ONW748;200;31/01/2017;Cobertura Enero;COBERTURA
15791;IIS724;200;31/01/2017;Cobertura Enero;COBERTURA
16081;EDL710;200;31/01/2017;Cobertura Enero;COBERTURA
1684;QEG868;200;31/01/2017;Cobertura Enero;COBERTURA
3146;SEB878;200;31/01/2017;Cobertura Enero;COBERTURA
397297;UJS584;200;31/01/2017;Cobertura Enero;COBERTURA
395348;IPA444;200;31/01/2017;Cobertura Enero;COBERTURA
395921;IJM746;200;31/01/2017;Cobertura Enero;COBERTURA
396357;SOO269;200;31/01/2017;Cobertura Enero;COBERTURA
817924;TMD494;200;31/01/2017;Cobertura Enero;COBERTURA
2637;OCJ149;200;31/01/2017;Cobertura Enero;COBERTURA
3432;YHO181;200;31/01/2017;Cobertura Enero;COBERTURA
20099;NZS754;200;31/01/2017;Cobertura Enero;COBERTURA
10679;RSX122;200;31/01/2017;Cobertura Enero;COBERTURA
603;OCD541;200;31/01/2017;Cobertura Enero;COBERTURA
385488;HCF897;200;31/01/2017;Cobertura Enero;COBERTURA
353070;YUD496;200;31/01/2017;Cobertura Enero;COBERTURA
2436;QIL207;200;31/01/2017;Cobertura Enero;COBERTURA
33095;KLD953;150;31/01/2017;Cobertura Enero;COBERTURA
382238;KAZ878;150;31/01/2017;Cobertura Enero;COBERTURA
319789;LKH582;150;31/01/2017;Cobertura Enero;COBERTURA
322061;ZBG925;150;31/01/2017;Cobertura Enero;COBERTURA
335111;HVT291;150;31/01/2017;Cobertura Enero;COBERTURA
337072;BXX632;150;31/01/2017;Cobertura Enero;COBERTURA
337703;FGS385;150;31/01/2017;Cobertura Enero;COBERTURA
358641;BXX266;150;31/01/2017;Cobertura Enero;COBERTURA
360553;HZQ227;150;31/01/2017;Cobertura Enero;COBERTURA
368762;KUZ412;150;31/01/2017;Cobertura Enero;COBERTURA
370908;AJH833;150;31/01/2017;Cobertura Enero;COBERTURA
371834;GKG731;150;31/01/2017;Cobertura Enero;COBERTURA
372859;CIP440;150;31/01/2017;Cobertura Enero;COBERTURA
384647;BLF658;150;31/01/2017;Cobertura Enero;COBERTURA
390422;IZA631;150;31/01/2017;Cobertura Enero;COBERTURA
395829;TGZ105;150;31/01/2017;Cobertura Enero;COBERTURA
142189;HNO994;150;31/01/2017;Cobertura Enero;COBERTURA
156386;BSV695;150;31/01/2017;Cobertura Enero;COBERTURA
189981;YFG182;150;31/01/2017;Cobertura Enero;COBERTURA
326004;SOQ451;150;31/01/2017;Cobertura Enero;COBERTURA
326169;ADB585;150;31/01/2017;Cobertura Enero;COBERTURA
337632;EUH187;150;31/01/2017;Cobertura Enero;COBERTURA
357950;JVV254;150;31/01/2017;Cobertura Enero;COBERTURA
359604;XUR295;150;31/01/2017;Cobertura Enero;COBERTURA
367923;WYX594;150;31/01/2017;Cobertura Enero;COBERTURA
368700;THR794;150;31/01/2017;Cobertura Enero;COBERTURA
369917;OHK532;150;31/01/2017;Cobertura Enero;COBERTURA
378879;BBQ631;150;31/01/2017;Cobertura Enero;COBERTURA
381088;CWE173;150;31/01/2017;Cobertura Enero;COBERTURA
383516;BRP901;150;31/01/2017;Cobertura Enero;COBERTURA
384993;IBI316;150;31/01/2017;Cobertura Enero;COBERTURA
386987;QLH650;150;31/01/2017;Cobertura Enero;COBERTURA
389216;PTM714;150;31/01/2017;Cobertura Enero;COBERTURA
92104;KUP727;150;31/01/2017;Cobertura Enero;COBERTURA
561;XSC624;150;31/01/2017;Cobertura Enero;COBERTURA
591;DXZ243;150;31/01/2017;Cobertura Enero;COBERTURA
10498;NZA908;150;31/01/2017;Cobertura Enero;COBERTURA
11234;PPB724;150;31/01/2017;Cobertura Enero;COBERTURA
11293;GHQ806;150;31/01/2017;Cobertura Enero;COBERTURA
150146;ZHY568;150;31/01/2017;Cobertura Enero;COBERTURA
150914;WQX941;150;31/01/2017;Cobertura Enero;COBERTURA
151679;KMZ133;150;31/01/2017;Cobertura Enero;COBERTURA
152210;WFJ539;150;31/01/2017;Cobertura Enero;COBERTURA
159180;WTP180;150;31/01/2017;Cobertura Enero;COBERTURA
159250;KAQ606;150;31/01/2017;Cobertura Enero;COBERTURA
8040;DQJ883;150;31/01/2017;Cobertura Enero;COBERTURA
3614;OKZ218;150;31/01/2017;Cobertura Enero;COBERTURA
369;WGQ895;150;31/01/2017;Cobertura Enero;COBERTURA
6369;JLP983;150;31/01/2017;Cobertura Enero;COBERTURA
10302;HSI686;150;31/01/2017;Cobertura Enero;COBERTURA
1059;KQA802;150;31/01/2017;Cobertura Enero;COBERTURA
10968;NDO444;150;31/01/2017;Cobertura Enero;COBERTURA
11328;QSU314;150;31/01/2017;Cobertura Enero;COBERTURA
11776;HLC375;150;31/01/2017;Cobertura Enero;COBERTURA
11936;LJM210;150;31/01/2017;Cobertura Enero;COBERTURA
12186;TZR992;150;31/01/2017;Cobertura Enero;COBERTURA
16854;LRY846;150;31/01/2017;Cobertura Enero;COBERTURA
2393;DXI208;150;31/01/2017;Cobertura Enero;COBERTURA
2685;DSD234;150;31/01/2017;Cobertura Enero;COBERTURA
3963;WOD979;150;31/01/2017;Cobertura Enero;COBERTURA
4086;KFX252;150;31/01/2017;Cobertura Enero;COBERTURA
4252;JKN603;150;31/01/2017;Cobertura Enero;COBERTURA
5841;AIT169;150;31/01/2017;Cobertura Enero;COBERTURA
6470;IPF100;150;31/01/2017;Cobertura Enero;COBERTURA
8964;GOO589;150;31/01/2017;Cobertura Enero;COBERTURA
39535;UPR188;150;31/01/2017;Cobertura Enero;COBERTURA
41817;TND670;150;31/01/2017;Cobertura Enero;COBERTURA
9844;HUW942;150;31/01/2017;Cobertura Enero;COBERTURA
10502;EBY938;150;31/01/2017;Cobertura Enero;COBERTURA
11162;OAG106;150;31/01/2017;Cobertura Enero;COBERTURA
12799;PTH947;150;31/01/2017;Cobertura Enero;COBERTURA
4960;AJX642;150;31/01/2017;Cobertura Enero;COBERTURA
10795;MPL492;150;31/01/2017;Cobertura Enero;COBERTURA
11607;UTW870;150;31/01/2017;Cobertura Enero;COBERTURA
11627;LBU121;150;31/01/2017;Cobertura Enero;COBERTURA
11967;CPC132;150;31/01/2017;Cobertura Enero;COBERTURA
12071;HWH720;150;31/01/2017;Cobertura Enero;COBERTURA
12316;PIL746;150;31/01/2017;Cobertura Enero;COBERTURA
13230;PVZ761;150;31/01/2017;Cobertura Enero;COBERTURA
13806;TDN591;150;31/01/2017;Cobertura Enero;COBERTURA
14549;CKU538;150;31/01/2017;Cobertura Enero;COBERTURA
14662;MXW234;150;31/01/2017;Cobertura Enero;COBERTURA
15336;MYI670;150;31/01/2017;Cobertura Enero;COBERTURA
15609;NNW501;150;31/01/2017;Cobertura Enero;COBERTURA
15640;XQX732;150;31/01/2017;Cobertura Enero;COBERTURA
15708;WGA464;150;31/01/2017;Cobertura Enero;COBERTURA
15709;NAI881;150;31/01/2017;Cobertura Enero;COBERTURA
3385;KIV213;150;31/01/2017;Cobertura Enero;COBERTURA
5213;OFV533;150;31/01/2017;Cobertura Enero;COBERTURA
7386;VLZ948;150;31/01/2017;Cobertura Enero;COBERTURA
9845;ZPM471;150;31/01/2017;Cobertura Enero;COBERTURA
109452;AJF236;150;31/01/2017;Cobertura Enero;COBERTURA
14698;CXD656;150;31/01/2017;Cobertura Enero;COBERTURA
16955;UED985;150;31/01/2017;Cobertura Enero;COBERTURA
3760;ADR839;150;31/01/2017;Cobertura Enero;COBERTURA
5399;RZA361;150;31/01/2017;Cobertura Enero;COBERTURA
13371;SDU355;150;31/01/2017;Cobertura Enero;COBERTURA
70592;PEQ708;150;31/01/2017;Cobertura Enero;COBERTURA
99124;TTH272;150;31/01/2017;Cobertura Enero;COBERTURA
99239;AQC912;150;31/01/2017;Cobertura Enero;COBERTURA
99282;YDL135;150;31/01/2017;Cobertura Enero;COBERTURA
23376;JLR534;150;31/01/2017;Cobertura Enero;COBERTURA
118067;FSX406;150;31/01/2017;Cobertura Enero;COBERTURA
3139;ROX763;150;31/01/2017;Cobertura Enero;COBERTURA
5176;QQZ805;150;31/01/2017;Cobertura Enero;COBERTURA
5623;HXN227;150;31/01/2017;Cobertura Enero;COBERTURA
6816;SIF883;150;31/01/2017;Cobertura Enero;COBERTURA
60133;RXN548;150;31/01/2017;Cobertura Enero;COBERTURA
1422;DHD594;150;31/01/2017;Cobertura Enero;COBERTURA
4447;IDU878;150;31/01/2017;Cobertura Enero;COBERTURA
7188;BQJ819;150;31/01/2017;Cobertura Enero;COBERTURA
908;YIO199;150;31/01/2017;Cobertura Enero;COBERTURA
928;LIF761;150;31/01/2017;Cobertura Enero;COBERTURA
4352;OLA203;150;31/01/2017;Cobertura Enero;COBERTURA
10058;VVJ569;150;31/01/2017;Cobertura Enero;COBERTURA
1298;GJI681;150;31/01/2017;Cobertura Enero;COBERTURA
1484;VQT500;150;31/01/2017;Cobertura Enero;COBERTURA
2041;SQC990;150;31/01/2017;Cobertura Enero;COBERTURA
2753;ZGJ219;150;31/01/2017;Cobertura Enero;COBERTURA
5440;PFB234;150;31/01/2017;Cobertura Enero;COBERTURA
8901;AFX365;150;31/01/2017;Cobertura Enero;COBERTURA
3291;WMW530;150;31/01/2017;Cobertura Enero;COBERTURA
375573;IUW996;150;31/01/2017;Cobertura Enero;COBERTURA
395722;TWL659;150;31/01/2017;Cobertura Enero;COBERTURA
1607;JWA630;150;31/01/2017;Cobertura Enero;COBERTURA
10518;ISF497;150;31/01/2017;Cobertura Enero;COBERTURA
20002;KGL879;150;31/01/2017;Cobertura Enero;COBERTURA
362584;ZZS846;150;31/01/2017;Cobertura Enero;COBERTURA
1920;HWA609;150;31/01/2017;Cobertura Enero;COBERTURA
137569;CIW298;100;31/01/2017;Cobertura Enero;COBERTURA
188218;UNG944;100;31/01/2017;Cobertura Enero;COBERTURA
316611;XOP163;100;31/01/2017;Cobertura Enero;COBERTURA
354778;SRB732;100;31/01/2017;Cobertura Enero;COBERTURA
358138;TTS763;100;31/01/2017;Cobertura Enero;COBERTURA
367217;VJL182;100;31/01/2017;Cobertura Enero;COBERTURA
378412;HOC311;100;31/01/2017;Cobertura Enero;COBERTURA
382325;AUN577;100;31/01/2017;Cobertura Enero;COBERTURA
180343;BYH797;100;31/01/2017;Cobertura Enero;COBERTURA
302066;BWE126;100;31/01/2017;Cobertura Enero;COBERTURA
331599;HEF389;100;31/01/2017;Cobertura Enero;COBERTURA
359378;QGH329;100;31/01/2017;Cobertura Enero;COBERTURA
377689;WXD849;100;31/01/2017;Cobertura Enero;COBERTURA
383518;DGV757;100;31/01/2017;Cobertura Enero;COBERTURA
388173;AOF655;100;31/01/2017;Cobertura Enero;COBERTURA
391119;GVR580;100;31/01/2017;Cobertura Enero;COBERTURA
392299;TQU274;100;31/01/2017;Cobertura Enero;COBERTURA
395379;MWA722;100;31/01/2017;Cobertura Enero;COBERTURA
342;FFR299;100;31/01/2017;Cobertura Enero;COBERTURA
150753;IVD874;100;31/01/2017;Cobertura Enero;COBERTURA
6831;FTY261;100;31/01/2017;Cobertura Enero;COBERTURA
2094;VSZ257;100;31/01/2017;Cobertura Enero;COBERTURA
2231;CTE309;100;31/01/2017;Cobertura Enero;COBERTURA
262;IGX709;100;31/01/2017;Cobertura Enero;COBERTURA
12881;ZBC340;100;31/01/2017;Cobertura Enero;COBERTURA
13418;YOU293;100;31/01/2017;Cobertura Enero;COBERTURA
1354;CZG213;100;31/01/2017;Cobertura Enero;COBERTURA
14152;KGY324;100;31/01/2017;Cobertura Enero;COBERTURA
6587;BNG254;100;31/01/2017;Cobertura Enero;COBERTURA
993;KEP715;100;31/01/2017;Cobertura Enero;COBERTURA
13011;WQG799;100;31/01/2017;Cobertura Enero;COBERTURA
30649;QSE343;100;31/01/2017;Cobertura Enero;COBERTURA
39241;LGD441;100;31/01/2017;Cobertura Enero;COBERTURA
11081;EYV399;100;31/01/2017;Cobertura Enero;COBERTURA
14774;HPO249;100;31/01/2017;Cobertura Enero;COBERTURA
13054;CGZ845;100;31/01/2017;Cobertura Enero;COBERTURA
53578;LVE735;100;31/01/2017;Cobertura Enero;COBERTURA
90061;WYV897;100;31/01/2017;Cobertura Enero;COBERTURA
4333;IPV451;100;31/01/2017;Cobertura Enero;COBERTURA
914;KSX827;100;31/01/2017;Cobertura Enero;COBERTURA
2984;NFH331;100;31/01/2017;Cobertura Enero;COBERTURA
9226;WDN174;100;31/01/2017;Cobertura Enero;COBERTURA
356943;DFW696;100;31/01/2017;Cobertura Enero;COBERTURA
384994;APB971;100;31/01/2017;Cobertura Enero;COBERTURA
151337;VCX396;100;31/01/2017;Cobertura Enero;COBERTURA
394423;DUU919;100;31/01/2017;Cobertura Enero;COBERTURA
374570;KXW843;100;31/01/2017;Cobertura Enero;COBERTURA
174335;ETS474;100;31/01/2017;Cobertura Enero;COBERTURA
157459;XSL483;100;31/01/2017;Cobertura Enero;COBERTURA
372252;RJX811;100;31/01/2017;Cobertura Enero;COBERTURA
17456;BRU958;100;31/01/2017;Cobertura Enero;COBERTURA
705011;MUI358;100;31/01/2017;Cobertura Enero;COBERTURA
705047;NEZ752;100;31/01/2017;Cobertura Enero;COBERTURA
372867;GPG705;100;31/01/2017;Cobertura Enero;COBERTURA
362721;RHX316;100;31/01/2017;Cobertura Enero;COBERTURA
459;ENS340;100;31/01/2017;Cobertura Enero;COBERTURA
905704;TIA419;100;31/01/2017;Cobertura Enero;COBERTURA
10249;EQX163;100;31/01/2017;Cobertura Enero;COBERTURA
905705;FYS346;100;31/01/2017;Cobertura Enero;COBERTURA
10315;HDK622;100;31/01/2017;Cobertura Enero;COBERTURA
10219;BVQ821;100;31/01/2017;Cobertura Enero;COBERTURA
10478;CLL295;100;31/01/2017;Cobertura Enero;COBERTURA
883470;DWJ724;100;31/01/2017;Cobertura Enero;COBERTURA
306077;GDI212;100;31/01/2017;Cobertura Enero;COBERTURA
172977;JPF414;100;31/01/2017;Cobertura Enero;COBERTURA
315548;JKR855;100;31/01/2017;Cobertura Enero;COBERTURA
1493;AYZ984;100;31/01/2017;Cobertura Enero;COBERTURA
4371;MJJ698;100;31/01/2017;Cobertura Enero;COBERTURA
4644;AKO346;100;31/01/2017;Cobertura Enero;COBERTURA
4469;AGC238;100;31/01/2017;Cobertura Enero;COBERTURA
1969;KYD892;100;31/01/2017;Cobertura Enero;COBERTURA
2124;JLY542;100;31/01/2017;Cobertura Enero;COBERTURA
7031;AUO700;100;31/01/2017;Cobertura Enero;COBERTURA
2184;OXK849;100;31/01/2017;Cobertura Enero;COBERTURA
2157;QCP286;100;31/01/2017;Cobertura Enero;COBERTURA
1974;SNA423;100;31/01/2017;Cobertura Enero;COBERTURA
169868;CKA743;100;31/01/2017;Cobertura Enero;COBERTURA
336482;NSL183;50;31/01/2017;Cobertura Enero;COBERTURA
365849;DRD923;50;31/01/2017;Cobertura Enero;COBERTURA
389084;KOS824;50;31/01/2017;Cobertura Enero;COBERTURA
43409;BXQ802;50;31/01/2017;Cobertura Enero;COBERTURA
71;DUR300;50;31/01/2017;Cobertura Enero;COBERTURA
998419;YVK886;50;31/01/2017;Cobertura Enero;COBERTURA
1016;CIW778;50;31/01/2017;Cobertura Enero;COBERTURA
10550;WZT974;50;31/01/2017;Cobertura Enero;COBERTURA
96023;DNF247;50;31/01/2017;Cobertura Enero;COBERTURA
98078;OXH126;50;31/01/2017;Cobertura Enero;COBERTURA
300993;UGR422;50;31/01/2017;Cobertura Enero;COBERTURA
324330;NUH604;50;31/01/2017;Cobertura Enero;COBERTURA
327039;UGM450;50;31/01/2017;Cobertura Enero;COBERTURA
356780;ZNJ208;50;31/01/2017;Cobertura Enero;COBERTURA
377596;JRH176;50;31/01/2017;Cobertura Enero;COBERTURA
378703;UBM713;50;31/01/2017;Cobertura Enero;COBERTURA
396650;IOF141;50;31/01/2017;Cobertura Enero;COBERTURA
5379;QEP791;50;31/01/2017;Cobertura Enero;COBERTURA
